workload,strategy,property,mutations,mode,discards,tests,shrinks,time
"bst-haskell","Quick","InsertPost",["insert_1"],"solve",9884.50,484.40,100.00,0.0429
"bst-haskell","Quick","InsertPost",["insert_2"],"solve",15410.90,3625.00,100.00,0.0655
"bst-haskell","Quick","InsertPost",["insert_3"],"solve",18158866.00,2610990.90,100.00,73.4279
"bst-haskell","Quick","InsertModel",["insert_1"],"solve",7.60,1.20,100.00,0.0009
"bst-haskell","Quick","InsertModel",["insert_2"],"solve",10.10,4.20,100.00,0.0011
"bst-haskell","Quick","InsertModel",["insert_3"],"solve",6080.40,1869.20,100.00,0.0273
"bst-haskell","Quick","DeleteInsert",["insert_1"],"solve",9041.20,4206.40,100.00,0.0374
"bst-haskell","Quick","DeleteInsert",["insert_2"],"solve",7798.00,2995.50,100.00,0.0341
"bst-haskell","Quick","DeleteInsert",["delete_4"],"solve",0.00,0.20,100.00,0.0009
"bst-haskell","Quick","DeleteInsert",["delete_5"],"solve",10326.50,561.70,100.00,0.0462
"bst-haskell","Quick","InsertInsert",["insert_1"],"solve",0.00,0.70,100.00,0.0009
"bst-haskell","Quick","InsertInsert",["insert_2"],"solve",0.30,0.60,100.00,0.0010
"bst-haskell","Quick","InsertInsert",["insert_3"],"solve",1969.60,225.30,100.00,0.0104
"bst-haskell","Quick","InsertUnion",["insert_1"],"solve",6.30,3.00,100.00,0.0010
"bst-haskell","Quick","InsertUnion",["insert_2"],"solve",8.90,3.70,100.00,0.0013
"bst-haskell","Quick","InsertUnion",["insert_3"],"solve",10920.20,3437.50,100.00,0.1552
"bst-haskell","Quick","InsertUnion",["union_6"],"solve",11.40,0.40,100.00,0.0012
"bst-haskell","Quick","InsertUnion",["union_7"],"solve",42.80,28.70,100.00,0.0022
"bst-haskell","Quick","InsertUnion",["union_8"],"solve",53785.60,17869.10,100.00,0.7209
"bst-haskell","Quick","UnionDeleteInsert",["insert_1"],"solve",5.30,14.50,100.00,0.0010
"bst-haskell","Quick","UnionDeleteInsert",["insert_2"],"solve",12.00,4.90,100.00,0.0012
"bst-haskell","Quick","UnionDeleteInsert",["insert_3"],"solve",9299.40,4456.10,100.00,0.1336
"bst-haskell","Quick","UnionDeleteInsert",["delete_4"],"solve",5.60,7.60,100.00,0.0010
"bst-haskell","Quick","UnionDeleteInsert",["delete_5"],"solve",25736.00,3795.20,100.00,0.3603
"bst-haskell","Quick","UnionDeleteInsert",["union_6"],"solve",9.90,17.20,100.00,0.0012
"bst-haskell","Quick","UnionDeleteInsert",["union_7"],"solve",48.30,20.20,100.00,0.0018
"bst-haskell","Quick","UnionDeleteInsert",["union_8"],"solve",NaN,NaN,NaN,NaN
"bst-haskell","Quick","InsertDelete",["insert_2"],"solve",29339.50,6529.90,100.00,0.1238
"bst-haskell","Quick","InsertDelete",["insert_3"],"solve",13486460.70,873001.00,100.00,55.7797
"bst-haskell","Quick","InsertDelete",["delete_4"],"solve",0.00,0.00,100.00,0.0009
"bst-haskell","Quick","DeleteModel",["delete_4"],"solve",4.00,0.60,100.00,0.0013
"bst-haskell","Quick","DeleteModel",["delete_5"],"solve",37744.90,12459.30,100.00,0.1517
"bst-haskell","Quick","DeletePost",["delete_4"],"solve",11436.00,2719.00,100.00,0.0463
"bst-haskell","Quick","DeletePost",["delete_5"],"solve",NaN,NaN,NaN,NaN
"bst-haskell","Quick","DeleteDelete",["delete_4"],"solve",NaN,NaN,NaN,NaN
"bst-haskell","Quick","DeleteDelete",["delete_5"],"solve",NaN,NaN,NaN,NaN
"bst-haskell","Quick","DeleteUnion",["delete_4"],"solve",50638.40,12850.40,100.00,0.7103
"bst-haskell","Quick","DeleteUnion",["delete_5"],"solve",87388.40,161206.70,100.00,1.1773
"bst-haskell","Quick","DeleteUnion",["union_6"],"solve",121162.10,139907.00,100.00,1.6563
"bst-haskell","Quick","DeleteUnion",["union_7"],"solve",223861.20,373041.20,100.00,3.0691
"bst-haskell","Quick","DeleteUnion",["union_8"],"solve",NaN,NaN,NaN,NaN
"bst-haskell","Quick","UnionValid",["union_6"],"solve",47.30,22.00,100.00,0.0019
"bst-haskell","Quick","UnionValid",["union_7"],"solve",179.30,37.40,100.00,0.0047
"bst-haskell","Quick","UnionPost",["union_6"],"solve",2881.10,130.10,100.00,0.0137
"bst-haskell","Quick","UnionPost",["union_7"],"solve",20258.30,2496.70,100.00,0.0853
"bst-haskell","Quick","UnionPost",["union_8"],"solve",26566276.70,3670902.90,100.00,107.7557
"bst-haskell","Quick","UnionModel",["union_6"],"solve",41.20,97.50,100.00,0.0018
"bst-haskell","Quick","UnionModel",["union_7"],"solve",248.50,312.50,100.00,0.0050
"bst-haskell","Quick","UnionModel",["union_8"],"solve",250417.60,64255.40,100.00,3.2769
"bst-haskell","Quick","UnionUnionAssoc",["union_6"],"solve",141.90,179.70,100.00,0.0082
"bst-haskell","Quick","UnionUnionAssoc",["union_7"],"solve",97.40,7.50,100.00,0.0061
"bst-haskell","Quick","UnionUnionAssoc",["union_8"],"solve",224040.70,1190390.10,100.00,9.5427
"bst-haskell","QuickCBC","InsertPost",["insert_1"],"solve",316.70,0.00,100.00,0.0021
"bst-haskell","QuickCBC","InsertPost",["insert_2"],"solve",2371.90,0.00,100.00,0.0086
"bst-haskell","QuickCBC","InsertPost",["insert_3"],"solve",245766.00,0.00,100.00,0.7111
"bst-haskell","QuickCBC","InsertModel",["insert_1"],"solve",0.40,0.00,100.00,0.0009
"bst-haskell","QuickCBC","InsertModel",["insert_2"],"solve",0.60,0.00,100.00,0.0010
"bst-haskell","QuickCBC","InsertModel",["insert_3"],"solve",332.10,0.00,100.00,0.0027
"bst-haskell","QuickCBC","DeleteInsert",["insert_1"],"solve",2165.40,0.00,100.00,0.0074
"bst-haskell","QuickCBC","DeleteInsert",["insert_2"],"solve",1522.00,0.00,100.00,0.0073
"bst-haskell","QuickCBC","DeleteInsert",["delete_4"],"solve",0.00,0.00,100.00,0.0009
"bst-haskell","QuickCBC","DeleteInsert",["delete_5"],"solve",4917.60,0.00,100.00,0.0206
"bst-haskell","QuickCBC","InsertInsert",["insert_1"],"solve",0.00,0.00,100.00,0.0008
"bst-haskell","QuickCBC","InsertInsert",["insert_2"],"solve",0.20,0.00,100.00,0.0010
"bst-haskell","QuickCBC","InsertInsert",["insert_3"],"solve",2517.40,0.00,100.00,0.0120
"bst-haskell","QuickCBC","InsertUnion",["insert_1"],"solve",0.20,0.00,100.00,0.0009
"bst-haskell","QuickCBC","InsertUnion",["insert_2"],"solve",3.50,0.00,100.00,0.0011
"bst-haskell","QuickCBC","InsertUnion",["insert_3"],"solve",213.20,0.00,100.00,0.0030
"bst-haskell","QuickCBC","InsertUnion",["union_6"],"solve",1.00,0.00,100.00,0.0010
"bst-haskell","QuickCBC","InsertUnion",["union_7"],"solve",1.90,0.00,100.00,0.0011
"bst-haskell","QuickCBC","InsertUnion",["union_8"],"solve",257.10,0.00,100.00,0.0034
"bst-haskell","QuickCBC","UnionDeleteInsert",["insert_1"],"solve",0.40,0.00,100.00,0.0010
"bst-haskell","QuickCBC","UnionDeleteInsert",["insert_2"],"solve",0.90,0.00,100.00,0.0010
"bst-haskell","QuickCBC","UnionDeleteInsert",["insert_3"],"solve",214.80,0.00,100.00,0.0031
"bst-haskell","QuickCBC","UnionDeleteInsert",["delete_4"],"solve",0.30,0.00,100.00,0.0010
"bst-haskell","QuickCBC","UnionDeleteInsert",["delete_5"],"solve",143.70,0.00,100.00,0.0025
"bst-haskell","QuickCBC","UnionDeleteInsert",["union_6"],"solve",1.40,0.00,100.00,0.0011
"bst-haskell","QuickCBC","UnionDeleteInsert",["union_7"],"solve",3.30,0.00,100.00,0.0010
"bst-haskell","QuickCBC","UnionDeleteInsert",["union_8"],"solve",76230.90,0.00,100.00,0.5634
"bst-haskell","QuickCBC","InsertDelete",["insert_2"],"solve",3722.20,0.00,100.00,0.0157
"bst-haskell","QuickCBC","InsertDelete",["insert_3"],"solve",332516.90,0.00,100.00,1.3040
"bst-haskell","QuickCBC","InsertDelete",["delete_4"],"solve",0.00,0.00,100.00,0.0009
"bst-haskell","QuickCBC","DeleteModel",["delete_4"],"solve",0.00,0.00,100.00,0.0010
"bst-haskell","QuickCBC","DeleteModel",["delete_5"],"solve",337.60,0.00,100.00,0.0024
"bst-haskell","QuickCBC","DeletePost",["delete_4"],"solve",263.00,0.00,100.00,0.0019
"bst-haskell","QuickCBC","DeletePost",["delete_5"],"solve",575818.00,0.00,100.00,1.5921
"bst-haskell","QuickCBC","DeleteDelete",["delete_4"],"solve",163361.20,0.00,100.00,0.4696
"bst-haskell","QuickCBC","DeleteDelete",["delete_5"],"solve",1896278.80,0.00,100.00,6.9248
"bst-haskell","QuickCBC","DeleteUnion",["delete_4"],"solve",383.40,0.00,100.00,0.0034
"bst-haskell","QuickCBC","DeleteUnion",["delete_5"],"solve",5131.60,0.00,100.00,0.0388
"bst-haskell","QuickCBC","DeleteUnion",["union_6"],"solve",283.20,0.00,100.00,0.0034
"bst-haskell","QuickCBC","DeleteUnion",["union_7"],"solve",212.30,0.00,100.00,0.0030
"bst-haskell","QuickCBC","DeleteUnion",["union_8"],"solve",46503.40,0.00,100.00,0.3301
"bst-haskell","QuickCBC","UnionValid",["union_6"],"solve",1.90,0.00,100.00,0.0010
"bst-haskell","QuickCBC","UnionValid",["union_7"],"solve",0.80,0.00,100.00,0.0011
"bst-haskell","QuickCBC","UnionPost",["union_6"],"solve",248.90,0.00,100.00,0.0018
"bst-haskell","QuickCBC","UnionPost",["union_7"],"solve",433.90,0.00,100.00,0.0027
"bst-haskell","QuickCBC","UnionPost",["union_8"],"solve",90857.20,0.00,100.00,0.2849
"bst-haskell","QuickCBC","UnionModel",["union_6"],"solve",1.40,0.00,100.00,0.0010
"bst-haskell","QuickCBC","UnionModel",["union_7"],"solve",0.70,0.00,100.00,0.0011
"bst-haskell","QuickCBC","UnionModel",["union_8"],"solve",32.40,0.00,100.00,0.0019
"bst-haskell","QuickCBC","UnionUnionAssoc",["union_6"],"solve",2.30,0.00,100.00,0.0011
"bst-haskell","QuickCBC","UnionUnionAssoc",["union_7"],"solve",1.30,0.00,100.00,0.0012
"bst-haskell","QuickCBC","UnionUnionAssoc",["union_8"],"solve",27.80,0.00,100.00,0.0018
"bst-haskell","QuickGbE","InsertPost",["insert_1"],"solve",7.50,0.00,100.00,0.0009
"bst-haskell","QuickGbE","InsertPost",["insert_2"],"solve",28.50,0.00,100.00,0.0012
"bst-haskell","QuickGbE","InsertPost",["insert_3"],"solve",283.90,0.00,100.00,0.0041
"bst-haskell","QuickGbE","InsertModel",["insert_1"],"solve",2.10,0.00,100.00,0.0018
"bst-haskell","QuickGbE","InsertModel",["insert_2"],"solve",3.40,0.00,100.00,0.0009
"bst-haskell","QuickGbE","InsertModel",["insert_3"],"solve",4.10,0.00,100.00,0.0009
"bst-haskell","QuickGbE","DeleteInsert",["insert_1"],"solve",27.10,0.00,100.00,0.0010
"bst-haskell","QuickGbE","DeleteInsert",["insert_2"],"solve",13.70,0.00,100.00,0.0011
"bst-haskell","QuickGbE","DeleteInsert",["delete_4"],"solve",1.50,0.00,100.00,0.0009
"bst-haskell","QuickGbE","DeleteInsert",["delete_5"],"solve",15.90,0.00,100.00,0.0012
"bst-haskell","QuickGbE","InsertInsert",["insert_1"],"solve",1.30,0.00,100.00,0.0008
"bst-haskell","QuickGbE","InsertInsert",["insert_2"],"solve",1.50,0.00,100.00,0.0009
"bst-haskell","QuickGbE","InsertInsert",["insert_3"],"solve",20.50,0.00,100.00,0.0010
"bst-haskell","QuickGbE","InsertUnion",["insert_1"],"solve",1.80,0.00,100.00,0.0009
"bst-haskell","QuickGbE","InsertUnion",["insert_2"],"solve",5.40,0.00,100.00,0.0010
"bst-haskell","QuickGbE","InsertUnion",["insert_3"],"solve",6.00,0.00,100.00,0.0010
"bst-haskell","QuickGbE","InsertUnion",["union_6"],"solve",3.00,0.00,100.00,0.0010
"bst-haskell","QuickGbE","InsertUnion",["union_7"],"solve",4.90,0.00,100.00,0.0010
"bst-haskell","QuickGbE","InsertUnion",["union_8"],"solve",13.40,0.00,100.00,0.0011
"bst-haskell","QuickGbE","UnionDeleteInsert",["insert_1"],"solve",1.70,0.00,100.00,0.0008
"bst-haskell","QuickGbE","UnionDeleteInsert",["insert_2"],"solve",3.10,0.00,100.00,0.0009
"bst-haskell","QuickGbE","UnionDeleteInsert",["insert_3"],"solve",5.80,0.00,100.00,0.0010
"bst-haskell","QuickGbE","UnionDeleteInsert",["delete_4"],"solve",2.60,0.00,100.00,0.0009
"bst-haskell","QuickGbE","UnionDeleteInsert",["delete_5"],"solve",8.50,0.00,100.00,0.0011
"bst-haskell","QuickGbE","UnionDeleteInsert",["union_6"],"solve",3.60,0.00,100.00,0.0009
"bst-haskell","QuickGbE","UnionDeleteInsert",["union_7"],"solve",4.70,0.00,100.00,0.0010
"bst-haskell","QuickGbE","UnionDeleteInsert",["union_8"],"solve",86.60,0.00,100.00,0.0031
"bst-haskell","QuickGbE","InsertDelete",["insert_2"],"solve",67.50,0.00,100.00,0.0018
"bst-haskell","QuickGbE","InsertDelete",["insert_3"],"solve",247.30,0.00,100.00,0.0050
"bst-haskell","QuickGbE","InsertDelete",["delete_4"],"solve",1.60,0.00,100.00,0.0009
"bst-haskell","QuickGbE","DeleteModel",["delete_4"],"solve",2.60,0.00,100.00,0.0009
"bst-haskell","QuickGbE","DeleteModel",["delete_5"],"solve",6.10,0.00,100.00,0.0009
"bst-haskell","QuickGbE","DeletePost",["delete_4"],"solve",5.60,0.00,100.00,0.0010
"bst-haskell","QuickGbE","DeletePost",["delete_5"],"solve",178.60,0.00,100.00,0.0026
"bst-haskell","QuickGbE","DeleteDelete",["delete_4"],"solve",158.80,0.00,100.00,0.0025
"bst-haskell","QuickGbE","DeleteDelete",["delete_5"],"solve",898.70,0.00,100.00,0.0110
"bst-haskell","QuickGbE","DeleteUnion",["delete_4"],"solve",8.00,0.00,100.00,0.0010
"bst-haskell","QuickGbE","DeleteUnion",["delete_5"],"solve",31.00,0.00,100.00,0.0016
"bst-haskell","QuickGbE","DeleteUnion",["union_6"],"solve",6.20,0.00,100.00,0.0010
"bst-haskell","QuickGbE","DeleteUnion",["union_7"],"solve",5.10,0.00,100.00,0.0010
"bst-haskell","QuickGbE","DeleteUnion",["union_8"],"solve",54.00,0.00,100.00,0.0028
"bst-haskell","QuickGbE","UnionValid",["union_6"],"solve",3.00,0.00,100.00,0.0009
"bst-haskell","QuickGbE","UnionValid",["union_7"],"solve",3.90,0.00,100.00,0.0010
"bst-haskell","QuickGbE","UnionPost",["union_6"],"solve",8.10,0.00,100.00,0.0010
"bst-haskell","QuickGbE","UnionPost",["union_7"],"solve",13.20,0.00,100.00,0.0010
"bst-haskell","QuickGbE","UnionPost",["union_8"],"solve",63.90,0.00,100.00,0.0018
"bst-haskell","QuickGbE","UnionModel",["union_6"],"solve",2.60,0.00,100.00,0.0009
"bst-haskell","QuickGbE","UnionModel",["union_7"],"solve",4.60,0.00,100.00,0.0009
"bst-haskell","QuickGbE","UnionModel",["union_8"],"solve",8.30,0.00,100.00,0.0010
"bst-haskell","QuickGbE","UnionUnionAssoc",["union_6"],"solve",3.00,0.00,100.00,0.0010
"bst-haskell","QuickGbE","UnionUnionAssoc",["union_7"],"solve",3.90,0.00,100.00,0.0009
"bst-haskell","QuickGbE","UnionUnionAssoc",["union_8"],"solve",9.20,0.00,100.00,0.0010
"bst-haskell","Hedgehog","InsertPost",["insert_1"],"solve",1374.40,33.30,100.00,0.2226
"bst-haskell","Hedgehog","InsertPost",["insert_2"],"solve",3630.10,2563.90,100.00,0.5807
"bst-haskell","Hedgehog","InsertPost",["insert_3"],"solve",113013.70,20995.60,100.00,18.5975
"bst-haskell","Hedgehog","InsertModel",["insert_1"],"solve",18.00,2.20,100.00,0.0026
"bst-haskell","Hedgehog","InsertModel",["insert_2"],"solve",30.90,5.50,100.00,0.0048
"bst-haskell","Hedgehog","InsertModel",["insert_3"],"solve",1730.50,290.70,100.00,0.2555
"bst-haskell","Hedgehog","DeleteInsert",["insert_1"],"solve",1137.60,708.70,100.00,0.1786
"bst-haskell","Hedgehog","DeleteInsert",["insert_2"],"solve",1901.80,272.90,100.00,0.2945
"bst-haskell","Hedgehog","DeleteInsert",["delete_4"],"solve",7.70,0.60,100.00,0.0012
"bst-haskell","Hedgehog","DeleteInsert",["delete_5"],"solve",2537.60,6.90,100.00,0.4028
"bst-haskell","Hedgehog","InsertInsert",["insert_1"],"solve",9.90,0.10,100.00,0.0011
"bst-haskell","Hedgehog","InsertInsert",["insert_2"],"solve",9.10,0.70,100.00,0.0012
"bst-haskell","Hedgehog","InsertInsert",["insert_3"],"solve",311.00,58.60,100.00,0.0395
"bst-haskell","Hedgehog","InsertUnion",["insert_1"],"solve",16.40,4.00,100.00,0.0051
"bst-haskell","Hedgehog","InsertUnion",["insert_2"],"solve",30.90,4.80,100.00,0.0112
"bst-haskell","Hedgehog","InsertUnion",["insert_3"],"solve",1747.90,1643.80,100.00,1.5422
"bst-haskell","Hedgehog","InsertUnion",["union_6"],"solve",23.10,6.70,100.00,0.0175
"bst-haskell","Hedgehog","InsertUnion",["union_7"],"solve",79.70,77.20,100.00,0.0518
"bst-haskell","Hedgehog","InsertUnion",["union_8"],"solve",10614.00,2410.00,100.00,9.7911
"bst-haskell","Hedgehog","UnionDeleteInsert",["insert_1"],"solve",17.50,9.30,100.00,0.0058
"bst-haskell","Hedgehog","UnionDeleteInsert",["insert_2"],"solve",23.40,18.10,100.00,0.0131
"bst-haskell","Hedgehog","UnionDeleteInsert",["insert_3"],"solve",1993.00,545.20,100.00,1.7485
"bst-haskell","Hedgehog","UnionDeleteInsert",["delete_4"],"solve",14.40,3.80,100.00,0.0039
"bst-haskell","Hedgehog","UnionDeleteInsert",["delete_5"],"solve",7147.40,8634.30,100.00,6.4556
"bst-haskell","Hedgehog","UnionDeleteInsert",["union_6"],"solve",24.10,6.00,100.00,0.0089
"bst-haskell","Hedgehog","UnionDeleteInsert",["union_7"],"solve",81.00,9.80,100.00,0.0531
"bst-haskell","Hedgehog","UnionDeleteInsert",["union_8"],"solve",NaN,NaN,NaN,NaN
"bst-haskell","Hedgehog","InsertDelete",["insert_2"],"solve",4845.50,633.30,100.00,0.7643
"bst-haskell","Hedgehog","InsertDelete",["insert_3"],"solve",98279.80,16657.20,100.00,16.2057
"bst-haskell","Hedgehog","InsertDelete",["delete_4"],"solve",8.40,0.40,100.00,0.0011
"bst-haskell","Hedgehog","DeleteModel",["delete_4"],"solve",16.50,0.20,100.00,0.0028
"bst-haskell","Hedgehog","DeleteModel",["delete_5"],"solve",8217.10,1566.40,100.00,1.2538
"bst-haskell","Hedgehog","DeletePost",["delete_4"],"solve",2105.30,21.20,100.00,0.3228
"bst-haskell","Hedgehog","DeletePost",["delete_5"],"solve",553614.80,78409.50,100.00,88.4587
"bst-haskell","Hedgehog","DeleteDelete",["delete_4"],"solve",NaN,NaN,NaN,NaN
"bst-haskell","Hedgehog","DeleteDelete",["delete_5"],"solve",499924.50,61997.50,100.00,79.9761
"bst-haskell","Hedgehog","DeleteUnion",["delete_4"],"solve",14297.30,15014.30,100.00,13.0480
"bst-haskell","Hedgehog","DeleteUnion",["delete_5"],"solve",14710.10,6435.10,100.00,13.3165
"bst-haskell","Hedgehog","DeleteUnion",["union_6"],"solve",1888.10,1056.40,100.00,1.6629
"bst-haskell","Hedgehog","DeleteUnion",["union_7"],"solve",42568.00,65958.70,100.00,38.7721
"bst-haskell","Hedgehog","DeleteUnion",["union_8"],"solve",NaN,NaN,NaN,NaN
"bst-haskell","Hedgehog","UnionValid",["union_6"],"solve",78.20,80.00,100.00,0.0688
"bst-haskell","Hedgehog","UnionValid",["union_7"],"solve",256.90,441.50,100.00,0.2101
"bst-haskell","Hedgehog","UnionPost",["union_6"],"solve",1448.20,410.20,100.00,0.3866
"bst-haskell","Hedgehog","UnionPost",["union_7"],"solve",5787.40,204.20,100.00,1.5988
"bst-haskell","Hedgehog","UnionPost",["union_8"],"solve",248293.60,58220.20,100.00,69.9770
"bst-haskell","Hedgehog","UnionModel",["union_6"],"solve",81.50,28.30,100.00,0.0602
"bst-haskell","Hedgehog","UnionModel",["union_7"],"solve",228.00,21.70,100.00,0.1771
"bst-haskell","Hedgehog","UnionModel",["union_8"],"solve",44911.50,82722.10,100.00,39.9835
"bst-haskell","Hedgehog","UnionUnionAssoc",["union_6"],"solve",224.40,420.00,100.00,0.8803
"bst-haskell","Hedgehog","UnionUnionAssoc",["union_7"],"solve",239.70,203.40,100.00,0.9388
"bst-haskell","Hedgehog","UnionUnionAssoc",["union_8"],"solve",NaN,NaN,NaN,NaN
"bst-haskell","HedgehogCBC","InsertPost",["insert_1"],"solve",40.10,0.00,100.00,0.0026
"bst-haskell","HedgehogCBC","InsertPost",["insert_2"],"solve",228.50,0.00,100.00,0.0109
"bst-haskell","HedgehogCBC","InsertPost",["insert_3"],"solve",3619.40,0.00,100.00,0.1604
"bst-haskell","HedgehogCBC","InsertModel",["insert_1"],"solve",9.00,0.00,100.00,0.0010
"bst-haskell","HedgehogCBC","InsertModel",["insert_2"],"solve",12.70,0.00,100.00,0.0011
"bst-haskell","HedgehogCBC","InsertModel",["insert_3"],"solve",62.50,0.00,100.00,0.0038
"bst-haskell","HedgehogCBC","DeleteInsert",["insert_1"],"solve",35.70,0.00,100.00,0.0026
"bst-haskell","HedgehogCBC","DeleteInsert",["insert_2"],"solve",377.10,0.00,100.00,0.0182
"bst-haskell","HedgehogCBC","DeleteInsert",["delete_4"],"solve",8.80,0.00,100.00,0.0010
"bst-haskell","HedgehogCBC","DeleteInsert",["delete_5"],"solve",599.70,0.00,100.00,0.0288
"bst-haskell","HedgehogCBC","InsertInsert",["insert_1"],"solve",9.60,0.00,100.00,0.0010
"bst-haskell","HedgehogCBC","InsertInsert",["insert_2"],"solve",9.40,0.00,100.00,0.0010
"bst-haskell","HedgehogCBC","InsertInsert",["insert_3"],"solve",506.80,0.00,100.00,0.0227
"bst-haskell","HedgehogCBC","InsertUnion",["insert_1"],"solve",9.80,0.00,100.00,0.0010
"bst-haskell","HedgehogCBC","InsertUnion",["insert_2"],"solve",25.60,0.00,100.00,0.0020
"bst-haskell","HedgehogCBC","InsertUnion",["insert_3"],"solve",103.10,0.00,100.00,0.0078
"bst-haskell","HedgehogCBC","InsertUnion",["union_6"],"solve",17.00,0.00,100.00,0.0015
"bst-haskell","HedgehogCBC","InsertUnion",["union_7"],"solve",21.80,0.00,100.00,0.0016
"bst-haskell","HedgehogCBC","InsertUnion",["union_8"],"solve",197.00,0.00,100.00,0.0145
"bst-haskell","HedgehogCBC","UnionDeleteInsert",["insert_1"],"solve",9.30,0.00,100.00,0.0011
"bst-haskell","HedgehogCBC","UnionDeleteInsert",["insert_2"],"solve",24.20,0.00,100.00,0.0019
"bst-haskell","HedgehogCBC","UnionDeleteInsert",["insert_3"],"solve",56.20,0.00,100.00,0.0032
"bst-haskell","HedgehogCBC","UnionDeleteInsert",["delete_4"],"solve",12.30,0.00,100.00,0.0012
"bst-haskell","HedgehogCBC","UnionDeleteInsert",["delete_5"],"solve",60.30,0.00,100.00,0.0039
"bst-haskell","HedgehogCBC","UnionDeleteInsert",["union_6"],"solve",9.60,0.00,100.00,0.0011
"bst-haskell","HedgehogCBC","UnionDeleteInsert",["union_7"],"solve",19.90,0.00,100.00,0.0016
"bst-haskell","HedgehogCBC","UnionDeleteInsert",["union_8"],"solve",1066.00,0.00,100.00,0.0835
"bst-haskell","HedgehogCBC","InsertDelete",["insert_2"],"solve",69.10,0.00,100.00,0.0041
"bst-haskell","HedgehogCBC","InsertDelete",["insert_3"],"solve",6375.80,0.00,100.00,0.2937
"bst-haskell","HedgehogCBC","InsertDelete",["delete_4"],"solve",8.70,0.00,100.00,0.0010
"bst-haskell","HedgehogCBC","DeleteModel",["delete_4"],"solve",10.30,0.00,100.00,0.0010
"bst-haskell","HedgehogCBC","DeleteModel",["delete_5"],"solve",69.00,0.00,100.00,0.0037
"bst-haskell","HedgehogCBC","DeletePost",["delete_4"],"solve",49.10,0.00,100.00,0.0027
"bst-haskell","HedgehogCBC","DeletePost",["delete_5"],"solve",4099.90,0.00,100.00,0.1775
"bst-haskell","HedgehogCBC","DeleteDelete",["delete_4"],"solve",1410.30,0.00,100.00,0.0632
"bst-haskell","HedgehogCBC","DeleteDelete",["delete_5"],"solve",7470.90,0.00,100.00,0.3306
"bst-haskell","HedgehogCBC","DeleteUnion",["delete_4"],"solve",107.30,0.00,100.00,0.0082
"bst-haskell","HedgehogCBC","DeleteUnion",["delete_5"],"solve",487.40,0.00,100.00,0.0391
"bst-haskell","HedgehogCBC","DeleteUnion",["union_6"],"solve",18.70,0.00,100.00,0.0016
"bst-haskell","HedgehogCBC","DeleteUnion",["union_7"],"solve",49.40,0.00,100.00,0.0039
"bst-haskell","HedgehogCBC","DeleteUnion",["union_8"],"solve",717.40,0.00,100.00,0.0548
"bst-haskell","HedgehogCBC","UnionValid",["union_6"],"solve",7.90,0.00,100.00,0.0010
"bst-haskell","HedgehogCBC","UnionValid",["union_7"],"solve",16.30,0.00,100.00,0.0014
"bst-haskell","HedgehogCBC","UnionPost",["union_6"],"solve",91.90,0.00,100.00,0.0069
"bst-haskell","HedgehogCBC","UnionPost",["union_7"],"solve",138.30,0.00,100.00,0.0105
"bst-haskell","HedgehogCBC","UnionPost",["union_8"],"solve",1565.40,0.00,100.00,0.1146
"bst-haskell","HedgehogCBC","UnionModel",["union_6"],"solve",10.20,0.00,100.00,0.0012
"bst-haskell","HedgehogCBC","UnionModel",["union_7"],"solve",17.90,0.00,100.00,0.0015
"bst-haskell","HedgehogCBC","UnionModel",["union_8"],"solve",26.90,0.00,100.00,0.0021
"bst-haskell","HedgehogCBC","UnionUnionAssoc",["union_6"],"solve",11.70,0.00,100.00,0.0012
"bst-haskell","HedgehogCBC","UnionUnionAssoc",["union_7"],"solve",21.50,0.00,100.00,0.0017
"bst-haskell","HedgehogCBC","UnionUnionAssoc",["union_8"],"solve",71.10,0.00,100.00,0.0053
"bst-haskell","HedgehogGbE","InsertPost",["insert_1"],"solve",230.20,0.00,100.00,0.0081
"bst-haskell","HedgehogGbE","InsertPost",["insert_2"],"solve",451.00,0.00,100.00,0.0167
"bst-haskell","HedgehogGbE","InsertPost",["insert_3"],"solve",100658.20,0.00,100.00,3.9619
"bst-haskell","HedgehogGbE","InsertModel",["insert_1"],"solve",22.90,0.00,100.00,0.0011
"bst-haskell","HedgehogGbE","InsertModel",["insert_2"],"solve",21.60,0.00,100.00,0.0011
"bst-haskell","HedgehogGbE","InsertModel",["insert_3"],"solve",276.30,0.00,100.00,0.0071
"bst-haskell","HedgehogGbE","DeleteInsert",["insert_1"],"solve",631.70,0.00,100.00,0.0245
"bst-haskell","HedgehogGbE","DeleteInsert",["insert_2"],"solve",331.60,0.00,100.00,0.0123
"bst-haskell","HedgehogGbE","DeleteInsert",["delete_4"],"solve",7.70,0.00,100.00,0.0009
"bst-haskell","HedgehogGbE","DeleteInsert",["delete_5"],"solve",697.80,0.00,100.00,0.0290
"bst-haskell","HedgehogGbE","InsertInsert",["insert_1"],"solve",8.40,0.00,100.00,0.0010
"bst-haskell","HedgehogGbE","InsertInsert",["insert_2"],"solve",8.60,0.00,100.00,0.0009
"bst-haskell","HedgehogGbE","InsertInsert",["insert_3"],"solve",510.50,0.00,100.00,0.0183
"bst-haskell","HedgehogGbE","InsertUnion",["insert_1"],"solve",22.60,0.00,100.00,0.0012
"bst-haskell","HedgehogGbE","InsertUnion",["insert_2"],"solve",27.50,0.00,100.00,0.0012
"bst-haskell","HedgehogGbE","InsertUnion",["insert_3"],"solve",313.00,0.00,100.00,0.0122
"bst-haskell","HedgehogGbE","InsertUnion",["union_6"],"solve",24.10,0.00,100.00,0.0012
"bst-haskell","HedgehogGbE","InsertUnion",["union_7"],"solve",65.00,0.00,100.00,0.0017
"bst-haskell","HedgehogGbE","InsertUnion",["union_8"],"solve",345.00,0.00,100.00,0.0120
"bst-haskell","HedgehogGbE","UnionDeleteInsert",["insert_1"],"solve",23.50,0.00,100.00,0.0012
"bst-haskell","HedgehogGbE","UnionDeleteInsert",["insert_2"],"solve",29.80,0.00,100.00,0.0012
"bst-haskell","HedgehogGbE","UnionDeleteInsert",["insert_3"],"solve",271.80,0.00,100.00,0.0073
"bst-haskell","HedgehogGbE","UnionDeleteInsert",["delete_4"],"solve",23.70,0.00,100.00,0.0012
"bst-haskell","HedgehogGbE","UnionDeleteInsert",["delete_5"],"solve",404.10,0.00,100.00,0.0145
"bst-haskell","HedgehogGbE","UnionDeleteInsert",["union_6"],"solve",28.80,0.00,100.00,0.0013
"bst-haskell","HedgehogGbE","UnionDeleteInsert",["union_7"],"solve",62.20,0.00,100.00,0.0016
"bst-haskell","HedgehogGbE","UnionDeleteInsert",["union_8"],"solve",74896.40,0.00,100.00,5.0449
"bst-haskell","HedgehogGbE","InsertDelete",["insert_2"],"solve",1037.40,0.00,100.00,0.0453
"bst-haskell","HedgehogGbE","InsertDelete",["insert_3"],"solve",55740.80,0.00,100.00,2.2646
"bst-haskell","HedgehogGbE","InsertDelete",["delete_4"],"solve",7.90,0.00,100.00,0.0010
"bst-haskell","HedgehogGbE","DeleteModel",["delete_4"],"solve",23.30,0.00,100.00,0.0011
"bst-haskell","HedgehogGbE","DeleteModel",["delete_5"],"solve",227.40,0.00,100.00,0.0078
"bst-haskell","HedgehogGbE","DeletePost",["delete_4"],"solve",166.20,0.00,100.00,0.0062
"bst-haskell","HedgehogGbE","DeletePost",["delete_5"],"solve",195212.00,0.00,100.00,7.4295
"bst-haskell","HedgehogGbE","DeleteDelete",["delete_4"],"solve",61358.50,0.00,100.00,2.3258
"bst-haskell","HedgehogGbE","DeleteDelete",["delete_5"],"solve",254984.30,0.00,100.00,10.0005
"bst-haskell","HedgehogGbE","DeleteUnion",["delete_4"],"solve",243.60,0.00,100.00,0.0110
"bst-haskell","HedgehogGbE","DeleteUnion",["delete_5"],"solve",718.10,0.00,100.00,0.0456
"bst-haskell","HedgehogGbE","DeleteUnion",["union_6"],"solve",341.00,0.00,100.00,0.0158
"bst-haskell","HedgehogGbE","DeleteUnion",["union_7"],"solve",425.50,0.00,100.00,0.0184
"bst-haskell","HedgehogGbE","DeleteUnion",["union_8"],"solve",28600.60,0.00,100.00,1.8558
"bst-haskell","HedgehogGbE","UnionValid",["union_6"],"solve",25.40,0.00,100.00,0.0012
"bst-haskell","HedgehogGbE","UnionValid",["union_7"],"solve",73.80,0.00,100.00,0.0018
"bst-haskell","HedgehogGbE","UnionPost",["union_6"],"solve",204.90,0.00,100.00,0.0098
"bst-haskell","HedgehogGbE","UnionPost",["union_7"],"solve",394.20,0.00,100.00,0.0145
"bst-haskell","HedgehogGbE","UnionPost",["union_8"],"solve",20834.70,0.00,100.00,1.2457
"bst-haskell","HedgehogGbE","UnionModel",["union_6"],"solve",28.80,0.00,100.00,0.0012
"bst-haskell","HedgehogGbE","UnionModel",["union_7"],"solve",65.70,0.00,100.00,0.0017
"bst-haskell","HedgehogGbE","UnionModel",["union_8"],"solve",348.30,0.00,100.00,0.0068
"bst-haskell","HedgehogGbE","UnionUnionAssoc",["union_6"],"solve",31.90,0.00,100.00,0.0013
"bst-haskell","HedgehogGbE","UnionUnionAssoc",["union_7"],"solve",63.90,0.00,100.00,0.0017
"bst-haskell","HedgehogGbE","UnionUnionAssoc",["union_8"],"solve",273.70,0.00,100.00,0.0054
"bst-haskell","HedgehogCBC2","InsertPost",["insert_1"],"solve",307.20,0.00,100.00,0.0099
"bst-haskell","HedgehogCBC2","InsertPost",["insert_2"],"solve",654.10,0.00,100.00,0.0182
"bst-haskell","HedgehogCBC2","InsertPost",["insert_3"],"solve",72137.90,0.00,100.00,1.6528
"bst-haskell","HedgehogCBC2","InsertModel",["insert_1"],"solve",14.30,0.00,100.00,0.0011
"bst-haskell","HedgehogCBC2","InsertModel",["insert_2"],"solve",18.20,0.00,100.00,0.0011
"bst-haskell","HedgehogCBC2","InsertModel",["insert_3"],"solve",410.30,0.00,100.00,0.0103
"bst-haskell","HedgehogCBC2","DeleteInsert",["insert_1"],"solve",850.40,0.00,100.00,0.0203
"bst-haskell","HedgehogCBC2","DeleteInsert",["insert_2"],"solve",1031.00,0.00,100.00,0.0252
"bst-haskell","HedgehogCBC2","DeleteInsert",["delete_4"],"solve",7.70,0.00,100.00,0.0010
"bst-haskell","HedgehogCBC2","DeleteInsert",["delete_5"],"solve",832.80,0.00,100.00,0.0206
"bst-haskell","HedgehogCBC2","InsertInsert",["insert_1"],"solve",9.00,0.00,100.00,0.0009
"bst-haskell","HedgehogCBC2","InsertInsert",["insert_2"],"solve",8.30,0.00,100.00,0.0010
"bst-haskell","HedgehogCBC2","InsertInsert",["insert_3"],"solve",267.50,0.00,100.00,0.0070
"bst-haskell","HedgehogCBC2","InsertUnion",["insert_1"],"solve",13.30,0.00,100.00,0.0010
"bst-haskell","HedgehogCBC2","InsertUnion",["insert_2"],"solve",18.40,0.00,100.00,0.0014
"bst-haskell","HedgehogCBC2","InsertUnion",["insert_3"],"solve",181.70,0.00,100.00,0.0067
"bst-haskell","HedgehogCBC2","InsertUnion",["union_6"],"solve",11.10,0.00,100.00,0.0010
"bst-haskell","HedgehogCBC2","InsertUnion",["union_7"],"solve",26.80,0.00,100.00,0.0015
"bst-haskell","HedgehogCBC2","InsertUnion",["union_8"],"solve",656.90,0.00,100.00,0.0214
"bst-haskell","HedgehogCBC2","UnionDeleteInsert",["insert_1"],"solve",15.90,0.00,100.00,0.0011
"bst-haskell","HedgehogCBC2","UnionDeleteInsert",["insert_2"],"solve",16.20,0.00,100.00,0.0011
"bst-haskell","HedgehogCBC2","UnionDeleteInsert",["insert_3"],"solve",345.70,0.00,100.00,0.0130
"bst-haskell","HedgehogCBC2","UnionDeleteInsert",["delete_4"],"solve",13.90,0.00,100.00,0.0011
"bst-haskell","HedgehogCBC2","UnionDeleteInsert",["delete_5"],"solve",227.80,0.00,100.00,0.0086
"bst-haskell","HedgehogCBC2","UnionDeleteInsert",["union_6"],"solve",18.10,0.00,100.00,0.0013
"bst-haskell","HedgehogCBC2","UnionDeleteInsert",["union_7"],"solve",37.80,0.00,100.00,0.0018
"bst-haskell","HedgehogCBC2","UnionDeleteInsert",["union_8"],"solve",40787.70,0.00,100.00,1.3538
"bst-haskell","HedgehogCBC2","InsertDelete",["insert_2"],"solve",2338.90,0.00,100.00,0.0567
"bst-haskell","HedgehogCBC2","InsertDelete",["insert_3"],"solve",70755.50,0.00,100.00,1.6353
"bst-haskell","HedgehogCBC2","InsertDelete",["delete_4"],"solve",7.50,0.00,100.00,0.0010
"bst-haskell","HedgehogCBC2","DeleteModel",["delete_4"],"solve",12.60,0.00,100.00,0.0016
"bst-haskell","HedgehogCBC2","DeleteModel",["delete_5"],"solve",599.00,0.00,100.00,0.0145
"bst-haskell","HedgehogCBC2","DeletePost",["delete_4"],"solve",384.00,0.00,100.00,0.0103
"bst-haskell","HedgehogCBC2","DeletePost",["delete_5"],"solve",163394.30,0.00,100.00,3.5485
"bst-haskell","HedgehogCBC2","DeleteDelete",["delete_4"],"solve",57918.10,0.00,100.00,1.2386
"bst-haskell","HedgehogCBC2","DeleteDelete",["delete_5"],"solve",227423.60,0.00,100.00,5.0930
"bst-haskell","HedgehogCBC2","DeleteUnion",["delete_4"],"solve",569.10,0.00,100.00,0.0213
"bst-haskell","HedgehogCBC2","DeleteUnion",["delete_5"],"solve",1906.20,0.00,100.00,0.0603
"bst-haskell","HedgehogCBC2","DeleteUnion",["union_6"],"solve",522.50,0.00,100.00,0.0176
"bst-haskell","HedgehogCBC2","DeleteUnion",["union_7"],"solve",1433.00,0.00,100.00,0.0452
"bst-haskell","HedgehogCBC2","DeleteUnion",["union_8"],"solve",31642.00,0.00,100.00,0.9770
"bst-haskell","HedgehogCBC2","UnionValid",["union_6"],"solve",19.20,0.00,100.00,0.0017
"bst-haskell","HedgehogCBC2","UnionValid",["union_7"],"solve",26.00,0.00,100.00,0.0022
"bst-haskell","HedgehogCBC2","UnionPost",["union_6"],"solve",819.20,0.00,100.00,0.0263
"bst-haskell","HedgehogCBC2","UnionPost",["union_7"],"solve",3246.90,0.00,100.00,0.0997
"bst-haskell","HedgehogCBC2","UnionPost",["union_8"],"solve",21633.60,0.00,100.00,0.6523
"bst-haskell","HedgehogCBC2","UnionModel",["union_6"],"solve",14.30,0.00,100.00,0.0012
"bst-haskell","HedgehogCBC2","UnionModel",["union_7"],"solve",30.60,0.00,100.00,0.0017
"bst-haskell","HedgehogCBC2","UnionModel",["union_8"],"solve",212.30,0.00,100.00,0.0079
"bst-haskell","HedgehogCBC2","UnionUnionAssoc",["union_6"],"solve",23.70,0.00,100.00,0.0015
"bst-haskell","HedgehogCBC2","UnionUnionAssoc",["union_7"],"solve",27.70,0.00,100.00,0.0016
"bst-haskell","HedgehogCBC2","UnionUnionAssoc",["union_8"],"solve",806.80,0.00,100.00,0.0335
"bst-haskell","Falsify","InsertPost",["insert_1"],"solve",6192.70,1473.00,100.00,0.1310
"bst-haskell","Falsify","InsertPost",["insert_2"],"solve",5325.80,803.30,100.00,0.1057
"bst-haskell","Falsify","InsertPost",["insert_3"],"solve",NaN,NaN,NaN,NaN
"bst-haskell","Falsify","InsertModel",["insert_1"],"solve",335.60,2.20,100.00,0.0019
"bst-haskell","Falsify","InsertModel",["insert_2"],"solve",479.10,1.80,100.00,0.0027
"bst-haskell","Falsify","InsertModel",["insert_3"],"solve",2922.50,243.30,100.00,0.0475
"bst-haskell","Falsify","DeleteInsert",["insert_1"],"solve",11838.50,320.10,100.00,0.2656
"bst-haskell","Falsify","DeleteInsert",["insert_2"],"solve",9367.50,133.00,100.00,0.1949
"bst-haskell","Falsify","DeleteInsert",["delete_4"],"solve",173.50,0.10,100.00,0.0009
"bst-haskell","Falsify","DeleteInsert",["delete_5"],"solve",9306.50,5731.70,100.00,0.2102
"bst-haskell","Falsify","InsertInsert",["insert_1"],"solve",199.20,0.10,100.00,0.0012
"bst-haskell","Falsify","InsertInsert",["insert_2"],"solve",209.00,0.30,100.00,0.0013
"bst-haskell","Falsify","InsertInsert",["insert_3"],"solve",1578.40,1369.20,100.00,0.0372
"bst-haskell","Falsify","InsertUnion",["insert_1"],"solve",375.20,6.60,100.00,0.0030
"bst-haskell","Falsify","InsertUnion",["insert_2"],"solve",545.60,5.80,100.00,0.0040
"bst-haskell","Falsify","InsertUnion",["insert_3"],"solve",7647.20,3011.20,100.00,0.5264
"bst-haskell","Falsify","InsertUnion",["union_6"],"solve",248.80,10.90,100.00,0.0026
"bst-haskell","Falsify","InsertUnion",["union_7"],"solve",1876.70,60.30,100.00,0.0147
"bst-haskell","Falsify","InsertUnion",["union_8"],"solve",43277.50,18556.60,100.00,3.4687
"bst-haskell","Falsify","UnionDeleteInsert",["insert_1"],"solve",364.80,3.40,100.00,0.0025
"bst-haskell","Falsify","UnionDeleteInsert",["insert_2"],"solve",657.20,3.80,100.00,0.0078
"bst-haskell","Falsify","UnionDeleteInsert",["insert_3"],"solve",9068.30,3025.60,100.00,0.6468
"bst-haskell","Falsify","UnionDeleteInsert",["delete_4"],"solve",389.20,7.70,100.00,0.0030
"bst-haskell","Falsify","UnionDeleteInsert",["delete_5"],"solve",22723.30,2688.00,100.00,1.7528
"bst-haskell","Falsify","UnionDeleteInsert",["union_6"],"solve",668.60,15.50,100.00,0.0049
"bst-haskell","Falsify","UnionDeleteInsert",["union_7"],"solve",1784.00,78.90,100.00,0.0142
"bst-haskell","Falsify","UnionDeleteInsert",["union_8"],"solve",NaN,NaN,NaN,NaN
"bst-haskell","Falsify","InsertDelete",["insert_2"],"solve",18997.10,7393.40,100.00,0.4274
"bst-haskell","Falsify","InsertDelete",["insert_3"],"solve",NaN,NaN,NaN,NaN
"bst-haskell","Falsify","InsertDelete",["delete_4"],"solve",184.00,0.00,100.00,0.0010
"bst-haskell","Falsify","DeleteModel",["delete_4"],"solve",295.90,0.80,100.00,0.0012
"bst-haskell","Falsify","DeleteModel",["delete_5"],"solve",39098.00,14539.40,100.00,0.7717
"bst-haskell","Falsify","DeletePost",["delete_4"],"solve",6486.80,131.90,100.00,0.1386
"bst-haskell","Falsify","DeletePost",["delete_5"],"solve",NaN,NaN,NaN,NaN
"bst-haskell","Falsify","DeleteDelete",["delete_4"],"solve",NaN,NaN,NaN,NaN
"bst-haskell","Falsify","DeleteDelete",["delete_5"],"solve",NaN,NaN,NaN,NaN
"bst-haskell","Falsify","DeleteUnion",["delete_4"],"solve",45669.50,13032.60,100.00,3.5931
"bst-haskell","Falsify","DeleteUnion",["delete_5"],"solve",30507.10,13491.20,100.00,2.4144
"bst-haskell","Falsify","DeleteUnion",["union_6"],"solve",54640.40,247638.10,100.00,4.3297
"bst-haskell","Falsify","DeleteUnion",["union_7"],"solve",95802.70,32716.70,100.00,7.3950
"bst-haskell","Falsify","DeleteUnion",["union_8"],"solve",NaN,NaN,NaN,NaN
"bst-haskell","Falsify","UnionValid",["union_6"],"solve",215.50,60.20,100.00,0.0075
"bst-haskell","Falsify","UnionValid",["union_7"],"solve",1282.80,139.60,100.00,0.0241
"bst-haskell","Falsify","UnionPost",["union_6"],"solve",7909.60,237.80,100.00,0.1819
"bst-haskell","Falsify","UnionPost",["union_7"],"solve",17221.80,488.80,100.00,0.4146
"bst-haskell","Falsify","UnionPost",["union_8"],"solve",NaN,NaN,NaN,NaN
"bst-haskell","Falsify","UnionModel",["union_6"],"solve",212.50,28.30,100.00,0.0064
"bst-haskell","Falsify","UnionModel",["union_7"],"solve",1632.40,111.70,100.00,0.0239
"bst-haskell","Falsify","UnionModel",["union_8"],"solve",231973.10,1665.40,100.00,18.0770
"bst-haskell","Falsify","UnionUnionAssoc",["union_6"],"solve",324.20,6.20,100.00,0.0379
"bst-haskell","Falsify","UnionUnionAssoc",["union_7"],"solve",1722.20,50.90,100.00,0.0607
"bst-haskell","Falsify","UnionUnionAssoc",["union_8"],"solve",290944.00,1012274.50,100.00,77.9551
"bst-haskell","FalsifyCBC","InsertPost",["insert_1"],"solve",2054.00,0.00,100.00,0.0120
"bst-haskell","FalsifyCBC","InsertPost",["insert_2"],"solve",2027.60,0.00,100.00,0.0188
"bst-haskell","FalsifyCBC","InsertPost",["insert_3"],"solve",647782.60,0.00,100.00,5.5555
"bst-haskell","FalsifyCBC","InsertModel",["insert_1"],"solve",69.20,0.00,100.00,0.0007
"bst-haskell","FalsifyCBC","InsertModel",["insert_2"],"solve",70.20,0.00,100.00,0.0007
"bst-haskell","FalsifyCBC","InsertModel",["insert_3"],"solve",3078.70,0.00,100.00,0.0359
"bst-haskell","FalsifyCBC","DeleteInsert",["insert_1"],"solve",2533.40,0.00,100.00,0.0139
"bst-haskell","FalsifyCBC","DeleteInsert",["insert_2"],"solve",2391.70,0.00,100.00,0.0390
"bst-haskell","FalsifyCBC","DeleteInsert",["delete_4"],"solve",179.70,0.00,100.00,0.0009
"bst-haskell","FalsifyCBC","DeleteInsert",["delete_5"],"solve",2758.20,0.00,100.00,0.0746
"bst-haskell","FalsifyCBC","InsertInsert",["insert_1"],"solve",206.30,0.00,100.00,0.0012
"bst-haskell","FalsifyCBC","InsertInsert",["insert_2"],"solve",211.30,0.00,100.00,0.0012
"bst-haskell","FalsifyCBC","InsertInsert",["insert_3"],"solve",888.90,0.00,100.00,0.0231
"bst-haskell","FalsifyCBC","InsertUnion",["insert_1"],"solve",89.00,0.00,100.00,0.0008
"bst-haskell","FalsifyCBC","InsertUnion",["insert_2"],"solve",87.20,0.00,100.00,0.0010
"bst-haskell","FalsifyCBC","InsertUnion",["insert_3"],"solve",3198.00,0.00,100.00,0.0494
"bst-haskell","FalsifyCBC","InsertUnion",["union_6"],"solve",81.20,0.00,100.00,0.0008
"bst-haskell","FalsifyCBC","InsertUnion",["union_7"],"solve",867.90,0.00,100.00,0.0080
"bst-haskell","FalsifyCBC","InsertUnion",["union_8"],"solve",4002.40,0.00,100.00,0.0952
"bst-haskell","FalsifyCBC","UnionDeleteInsert",["insert_1"],"solve",86.40,0.00,100.00,0.0008
"bst-haskell","FalsifyCBC","UnionDeleteInsert",["insert_2"],"solve",91.20,0.00,100.00,0.0015
"bst-haskell","FalsifyCBC","UnionDeleteInsert",["insert_3"],"solve",3215.50,0.00,100.00,0.0708
"bst-haskell","FalsifyCBC","UnionDeleteInsert",["delete_4"],"solve",86.20,0.00,100.00,0.0014
"bst-haskell","FalsifyCBC","UnionDeleteInsert",["delete_5"],"solve",3520.20,0.00,100.00,0.0727
"bst-haskell","FalsifyCBC","UnionDeleteInsert",["union_6"],"solve",814.00,0.00,100.00,0.0131
"bst-haskell","FalsifyCBC","UnionDeleteInsert",["union_7"],"solve",780.60,0.00,100.00,0.0093
"bst-haskell","FalsifyCBC","UnionDeleteInsert",["union_8"],"solve",127472.80,0.00,100.00,6.6026
"bst-haskell","FalsifyCBC","InsertDelete",["insert_2"],"solve",3224.70,0.00,100.00,0.0792
"bst-haskell","FalsifyCBC","InsertDelete",["insert_3"],"solve",472974.60,0.00,100.00,13.2440
"bst-haskell","FalsifyCBC","InsertDelete",["delete_4"],"solve",175.50,0.00,100.00,0.0010
"bst-haskell","FalsifyCBC","DeleteModel",["delete_4"],"solve",53.60,0.00,100.00,0.0006
"bst-haskell","FalsifyCBC","DeleteModel",["delete_5"],"solve",1544.40,0.00,100.00,0.0251
"bst-haskell","FalsifyCBC","DeletePost",["delete_4"],"solve",1263.50,0.00,100.00,0.0087
"bst-haskell","FalsifyCBC","DeletePost",["delete_5"],"solve",439863.60,0.00,100.00,3.6134
"bst-haskell","FalsifyCBC","DeleteDelete",["delete_4"],"solve",127910.70,0.00,100.00,1.1856
"bst-haskell","FalsifyCBC","DeleteDelete",["delete_5"],"solve",2569914.00,0.00,100.00,71.5138
"bst-haskell","FalsifyCBC","DeleteUnion",["delete_4"],"solve",2349.10,0.00,100.00,0.0269
"bst-haskell","FalsifyCBC","DeleteUnion",["delete_5"],"solve",2998.80,0.00,100.00,0.1453
"bst-haskell","FalsifyCBC","DeleteUnion",["union_6"],"solve",1645.20,0.00,100.00,0.0657
"bst-haskell","FalsifyCBC","DeleteUnion",["union_7"],"solve",2969.10,0.00,100.00,0.0798
"bst-haskell","FalsifyCBC","DeleteUnion",["union_8"],"solve",71555.00,0.00,100.00,3.5316
"bst-haskell","FalsifyCBC","UnionValid",["union_6"],"solve",844.30,0.00,100.00,0.0163
"bst-haskell","FalsifyCBC","UnionValid",["union_7"],"solve",1767.70,0.00,100.00,0.0273
"bst-haskell","FalsifyCBC","UnionPost",["union_6"],"solve",2456.70,0.00,100.00,0.0225
"bst-haskell","FalsifyCBC","UnionPost",["union_7"],"solve",3552.40,0.00,100.00,0.0309
"bst-haskell","FalsifyCBC","UnionPost",["union_8"],"solve",148805.80,0.00,100.00,1.7974
"bst-haskell","FalsifyCBC","UnionModel",["union_6"],"solve",680.20,0.00,100.00,0.0188
"bst-haskell","FalsifyCBC","UnionModel",["union_7"],"solve",1799.80,0.00,100.00,0.0406
"bst-haskell","FalsifyCBC","UnionModel",["union_8"],"solve",4171.20,0.00,100.00,0.1635
"bst-haskell","FalsifyCBC","UnionUnionAssoc",["union_6"],"solve",230.90,0.00,100.00,0.0066
"bst-haskell","FalsifyCBC","UnionUnionAssoc",["union_7"],"solve",685.80,0.00,100.00,0.0155
"bst-haskell","FalsifyCBC","UnionUnionAssoc",["union_8"],"solve",4992.20,0.00,100.00,0.2444
"bst-haskell","FalsifyGbE","InsertPost",["insert_1"],"solve",1135.00,0.00,100.00,0.0158
"bst-haskell","FalsifyGbE","InsertPost",["insert_2"],"solve",2404.00,0.00,100.00,0.0428
"bst-haskell","FalsifyGbE","InsertPost",["insert_3"],"solve",167493.40,0.00,100.00,5.7813
"bst-haskell","FalsifyGbE","InsertModel",["insert_1"],"solve",352.70,0.00,100.00,0.0020
"bst-haskell","FalsifyGbE","InsertModel",["insert_2"],"solve",677.20,0.00,100.00,0.0040
"bst-haskell","FalsifyGbE","InsertModel",["insert_3"],"solve",2205.70,0.00,100.00,0.0255
"bst-haskell","FalsifyGbE","DeleteInsert",["insert_1"],"solve",1686.90,0.00,100.00,0.0445
"bst-haskell","FalsifyGbE","DeleteInsert",["insert_2"],"solve",2408.10,0.00,100.00,0.0507
"bst-haskell","FalsifyGbE","DeleteInsert",["delete_4"],"solve",167.70,0.00,100.00,0.0009
"bst-haskell","FalsifyGbE","DeleteInsert",["delete_5"],"solve",2502.40,0.00,100.00,0.1125
"bst-haskell","FalsifyGbE","InsertInsert",["insert_1"],"solve",213.60,0.00,100.00,0.0013
"bst-haskell","FalsifyGbE","InsertInsert",["insert_2"],"solve",174.90,0.00,100.00,0.0011
"bst-haskell","FalsifyGbE","InsertInsert",["insert_3"],"solve",1583.20,0.00,100.00,0.0730
"bst-haskell","FalsifyGbE","InsertUnion",["insert_1"],"solve",401.80,0.00,100.00,0.0022
"bst-haskell","FalsifyGbE","InsertUnion",["insert_2"],"solve",1032.20,0.00,100.00,0.0076
"bst-haskell","FalsifyGbE","InsertUnion",["insert_3"],"solve",2022.20,0.00,100.00,0.0284
"bst-haskell","FalsifyGbE","InsertUnion",["union_6"],"solve",354.20,0.00,100.00,0.0033
"bst-haskell","FalsifyGbE","InsertUnion",["union_7"],"solve",1776.50,0.00,100.00,0.0139
"bst-haskell","FalsifyGbE","InsertUnion",["union_8"],"solve",3611.90,0.00,100.00,0.1051
"bst-haskell","FalsifyGbE","UnionDeleteInsert",["insert_1"],"solve",390.20,0.00,100.00,0.0033
"bst-haskell","FalsifyGbE","UnionDeleteInsert",["insert_2"],"solve",1446.90,0.00,100.00,0.0167
"bst-haskell","FalsifyGbE","UnionDeleteInsert",["insert_3"],"solve",2147.60,0.00,100.00,0.0465
"bst-haskell","FalsifyGbE","UnionDeleteInsert",["delete_4"],"solve",404.80,0.00,100.00,0.0037
"bst-haskell","FalsifyGbE","UnionDeleteInsert",["delete_5"],"solve",2508.50,0.00,100.00,0.0630
"bst-haskell","FalsifyGbE","UnionDeleteInsert",["union_6"],"solve",728.90,0.00,100.00,0.0104
"bst-haskell","FalsifyGbE","UnionDeleteInsert",["union_7"],"solve",2588.30,0.00,100.00,0.0322
"bst-haskell","FalsifyGbE","UnionDeleteInsert",["union_8"],"solve",25802.30,0.00,100.00,2.0407
"bst-haskell","FalsifyGbE","InsertDelete",["insert_2"],"solve",3706.80,0.00,100.00,0.1281
"bst-haskell","FalsifyGbE","InsertDelete",["insert_3"],"solve",106588.90,0.00,100.00,5.0988
"bst-haskell","FalsifyGbE","InsertDelete",["delete_4"],"solve",170.50,0.00,100.00,0.0010
"bst-haskell","FalsifyGbE","DeleteModel",["delete_4"],"solve",306.20,0.00,100.00,0.0011
"bst-haskell","FalsifyGbE","DeleteModel",["delete_5"],"solve",887.50,0.00,100.00,0.0121
"bst-haskell","FalsifyGbE","DeletePost",["delete_4"],"solve",945.40,0.00,100.00,0.0129
"bst-haskell","FalsifyGbE","DeletePost",["delete_5"],"solve",179409.00,0.00,100.00,6.0836
"bst-haskell","FalsifyGbE","DeleteDelete",["delete_4"],"solve",40529.80,0.00,100.00,1.3062
"bst-haskell","FalsifyGbE","DeleteDelete",["delete_5"],"solve",874932.70,0.00,100.00,41.8525
"bst-haskell","FalsifyGbE","DeleteUnion",["delete_4"],"solve",1395.20,0.00,100.00,0.0345
"bst-haskell","FalsifyGbE","DeleteUnion",["delete_5"],"solve",2501.00,0.00,100.00,0.1717
"bst-haskell","FalsifyGbE","DeleteUnion",["union_6"],"solve",1079.50,0.00,100.00,0.0250
"bst-haskell","FalsifyGbE","DeleteUnion",["union_7"],"solve",4052.80,0.00,100.00,0.1167
"bst-haskell","FalsifyGbE","DeleteUnion",["union_8"],"solve",22408.60,0.00,100.00,1.5902
"bst-haskell","FalsifyGbE","UnionValid",["union_6"],"solve",169.90,0.00,100.00,0.0025
"bst-haskell","FalsifyGbE","UnionValid",["union_7"],"solve",881.30,0.00,100.00,0.0062
"bst-haskell","FalsifyGbE","UnionPost",["union_6"],"solve",1485.30,0.00,100.00,0.0292
"bst-haskell","FalsifyGbE","UnionPost",["union_7"],"solve",3453.40,0.00,100.00,0.0643
"bst-haskell","FalsifyGbE","UnionPost",["union_8"],"solve",15177.90,0.00,100.00,0.7568
"bst-haskell","FalsifyGbE","UnionModel",["union_6"],"solve",168.60,0.00,100.00,0.0035
"bst-haskell","FalsifyGbE","UnionModel",["union_7"],"solve",955.10,0.00,100.00,0.0083
"bst-haskell","FalsifyGbE","UnionModel",["union_8"],"solve",4041.60,0.00,100.00,0.1186
"bst-haskell","FalsifyGbE","UnionUnionAssoc",["union_6"],"solve",296.80,0.00,100.00,0.0081
"bst-haskell","FalsifyGbE","UnionUnionAssoc",["union_7"],"solve",1979.40,0.00,100.00,0.0281
"bst-haskell","FalsifyGbE","UnionUnionAssoc",["union_8"],"solve",6055.00,0.00,100.00,0.2611
"bst-haskell","FalsifyCBC2","InsertPost",["insert_1"],"solve",1420.80,0.00,100.00,0.0126
"bst-haskell","FalsifyCBC2","InsertPost",["insert_2"],"solve",1605.10,0.00,100.00,0.0116
"bst-haskell","FalsifyCBC2","InsertPost",["insert_3"],"solve",248479.60,0.00,100.00,2.1924
"bst-haskell","FalsifyCBC2","InsertModel",["insert_1"],"solve",71.40,0.00,100.00,0.0007
"bst-haskell","FalsifyCBC2","InsertModel",["insert_2"],"solve",68.80,0.00,100.00,0.0008
"bst-haskell","FalsifyCBC2","InsertModel",["insert_3"],"solve",2947.00,0.00,100.00,0.0327
"bst-haskell","FalsifyCBC2","DeleteInsert",["insert_1"],"solve",2578.70,0.00,100.00,0.0138
"bst-haskell","FalsifyCBC2","DeleteInsert",["insert_2"],"solve",2105.30,0.00,100.00,0.0360
"bst-haskell","FalsifyCBC2","DeleteInsert",["delete_4"],"solve",168.30,0.00,100.00,0.0010
"bst-haskell","FalsifyCBC2","DeleteInsert",["delete_5"],"solve",1770.80,0.00,100.00,0.0434
"bst-haskell","FalsifyCBC2","InsertInsert",["insert_1"],"solve",205.60,0.00,100.00,0.0012
"bst-haskell","FalsifyCBC2","InsertInsert",["insert_2"],"solve",202.50,0.00,100.00,0.0012
"bst-haskell","FalsifyCBC2","InsertInsert",["insert_3"],"solve",1652.20,0.00,100.00,0.0543
"bst-haskell","FalsifyCBC2","InsertUnion",["insert_1"],"solve",89.40,0.00,100.00,0.0008
"bst-haskell","FalsifyCBC2","InsertUnion",["insert_2"],"solve",86.10,0.00,100.00,0.0010
"bst-haskell","FalsifyCBC2","InsertUnion",["insert_3"],"solve",3780.70,0.00,100.00,0.0517
"bst-haskell","FalsifyCBC2","InsertUnion",["union_6"],"solve",85.20,0.00,100.00,0.0008
"bst-haskell","FalsifyCBC2","InsertUnion",["union_7"],"solve",1169.30,0.00,100.00,0.0136
"bst-haskell","FalsifyCBC2","InsertUnion",["union_8"],"solve",4560.10,0.00,100.00,0.1160
"bst-haskell","FalsifyCBC2","UnionDeleteInsert",["insert_1"],"solve",84.10,0.00,100.00,0.0008
"bst-haskell","FalsifyCBC2","UnionDeleteInsert",["insert_2"],"solve",89.30,0.00,100.00,0.0019
"bst-haskell","FalsifyCBC2","UnionDeleteInsert",["insert_3"],"solve",3580.30,0.00,100.00,0.0807
"bst-haskell","FalsifyCBC2","UnionDeleteInsert",["delete_4"],"solve",84.30,0.00,100.00,0.0015
"bst-haskell","FalsifyCBC2","UnionDeleteInsert",["delete_5"],"solve",3803.90,0.00,100.00,0.0847
"bst-haskell","FalsifyCBC2","UnionDeleteInsert",["union_6"],"solve",1165.40,0.00,100.00,0.0159
"bst-haskell","FalsifyCBC2","UnionDeleteInsert",["union_7"],"solve",1024.40,0.00,100.00,0.0139
"bst-haskell","FalsifyCBC2","UnionDeleteInsert",["union_8"],"solve",134405.70,0.00,100.00,7.5643
"bst-haskell","FalsifyCBC2","InsertDelete",["insert_2"],"solve",3019.30,0.00,100.00,0.0874
"bst-haskell","FalsifyCBC2","InsertDelete",["insert_3"],"solve",422596.10,0.00,100.00,12.9722
"bst-haskell","FalsifyCBC2","InsertDelete",["delete_4"],"solve",177.70,0.00,100.00,0.0010
"bst-haskell","FalsifyCBC2","DeleteModel",["delete_4"],"solve",52.80,0.00,100.00,0.0009
"bst-haskell","FalsifyCBC2","DeleteModel",["delete_5"],"solve",2027.90,0.00,100.00,0.0348
"bst-haskell","FalsifyCBC2","DeletePost",["delete_4"],"solve",1625.60,0.00,100.00,0.0105
"bst-haskell","FalsifyCBC2","DeletePost",["delete_5"],"solve",438057.60,0.00,100.00,3.7774
"bst-haskell","FalsifyCBC2","DeleteDelete",["delete_4"],"solve",130114.40,0.00,100.00,1.2803
"bst-haskell","FalsifyCBC2","DeleteDelete",["delete_5"],"solve",2626909.80,0.00,100.00,85.1862
"bst-haskell","FalsifyCBC2","DeleteUnion",["delete_4"],"solve",4235.40,0.00,100.00,0.0504
"bst-haskell","FalsifyCBC2","DeleteUnion",["delete_5"],"solve",4621.30,0.00,100.00,0.2521
"bst-haskell","FalsifyCBC2","DeleteUnion",["union_6"],"solve",1704.00,0.00,100.00,0.0556
"bst-haskell","FalsifyCBC2","DeleteUnion",["union_7"],"solve",2957.20,0.00,100.00,0.0795
"bst-haskell","FalsifyCBC2","DeleteUnion",["union_8"],"solve",68319.50,0.00,100.00,3.6773
"bst-haskell","FalsifyCBC2","UnionValid",["union_6"],"solve",986.70,0.00,100.00,0.0200
"bst-haskell","FalsifyCBC2","UnionValid",["union_7"],"solve",1771.70,0.00,100.00,0.0354
"bst-haskell","FalsifyCBC2","UnionPost",["union_6"],"solve",2937.50,0.00,100.00,0.0277
"bst-haskell","FalsifyCBC2","UnionPost",["union_7"],"solve",4650.10,0.00,100.00,0.0487
"bst-haskell","FalsifyCBC2","UnionPost",["union_8"],"solve",117351.30,0.00,100.00,1.4351
"bst-haskell","FalsifyCBC2","UnionModel",["union_6"],"solve",702.10,0.00,100.00,0.0189
"bst-haskell","FalsifyCBC2","UnionModel",["union_7"],"solve",2191.50,0.00,100.00,0.0506
"bst-haskell","FalsifyCBC2","UnionModel",["union_8"],"solve",5508.20,0.00,100.00,0.2072
"bst-haskell","FalsifyCBC2","UnionUnionAssoc",["union_6"],"solve",216.90,0.00,100.00,0.0055
"bst-haskell","FalsifyCBC2","UnionUnionAssoc",["union_7"],"solve",727.90,0.00,100.00,0.0126
"bst-haskell","FalsifyCBC2","UnionUnionAssoc",["union_8"],"solve",6594.10,0.00,100.00,0.3113
